--
-- PostgreSQL database dump
--

-- Dumped from database version 15.2 (Debian 15.2-1.pgdg110+1)
-- Dumped by pg_dump version 15.2 (Debian 15.2-1.pgdg110+1)

SET statement_timeout = 0;
SET lock_timeout = 0;
SET idle_in_transaction_session_timeout = 0;
SET client_encoding = 'UTF8';
SET standard_conforming_strings = on;
SELECT pg_catalog.set_config('search_path', '', false);
SET check_function_bodies = false;
SET xmloption = content;
SET client_min_messages = warning;
SET row_security = off;

SET default_tablespace = '';

SET default_table_access_method = heap;

--
-- Name: auth_group; Type: TABLE; Schema: public; Owner: postgres
--

CREATE TABLE public.auth_group (
    id integer NOT NULL,
    name character varying(150) NOT NULL
);


ALTER TABLE public.auth_group OWNER TO postgres;

--
-- Name: auth_group_id_seq; Type: SEQUENCE; Schema: public; Owner: postgres
--

ALTER TABLE public.auth_group ALTER COLUMN id ADD GENERATED BY DEFAULT AS IDENTITY (
    SEQUENCE NAME public.auth_group_id_seq
    START WITH 1
    INCREMENT BY 1
    NO MINVALUE
    NO MAXVALUE
    CACHE 1
);


--
-- Name: auth_group_permissions; Type: TABLE; Schema: public; Owner: postgres
--

CREATE TABLE public.auth_group_permissions (
    id bigint NOT NULL,
    group_id integer NOT NULL,
    permission_id integer NOT NULL
);


ALTER TABLE public.auth_group_permissions OWNER TO postgres;

--
-- Name: auth_group_permissions_id_seq; Type: SEQUENCE; Schema: public; Owner: postgres
--

ALTER TABLE public.auth_group_permissions ALTER COLUMN id ADD GENERATED BY DEFAULT AS IDENTITY (
    SEQUENCE NAME public.auth_group_permissions_id_seq
    START WITH 1
    INCREMENT BY 1
    NO MINVALUE
    NO MAXVALUE
    CACHE 1
);


--
-- Name: auth_permission; Type: TABLE; Schema: public; Owner: postgres
--

CREATE TABLE public.auth_permission (
    id integer NOT NULL,
    name character varying(255) NOT NULL,
    content_type_id integer NOT NULL,
    codename character varying(100) NOT NULL
);


ALTER TABLE public.auth_permission OWNER TO postgres;

--
-- Name: auth_permission_id_seq; Type: SEQUENCE; Schema: public; Owner: postgres
--

ALTER TABLE public.auth_permission ALTER COLUMN id ADD GENERATED BY DEFAULT AS IDENTITY (
    SEQUENCE NAME public.auth_permission_id_seq
    START WITH 1
    INCREMENT BY 1
    NO MINVALUE
    NO MAXVALUE
    CACHE 1
);


--
-- Name: core_cardmodel; Type: TABLE; Schema: public; Owner: postgres
--

CREATE TABLE public.core_cardmodel (
    id bigint NOT NULL,
    quantity integer NOT NULL,
    product_id bigint NOT NULL,
    user_id bigint NOT NULL,
    CONSTRAINT core_cardmodel_quantity_check CHECK ((quantity >= 0))
);


ALTER TABLE public.core_cardmodel OWNER TO postgres;

--
-- Name: core_cardmodel_id_seq; Type: SEQUENCE; Schema: public; Owner: postgres
--

ALTER TABLE public.core_cardmodel ALTER COLUMN id ADD GENERATED BY DEFAULT AS IDENTITY (
    SEQUENCE NAME public.core_cardmodel_id_seq
    START WITH 1
    INCREMENT BY 1
    NO MINVALUE
    NO MAXVALUE
    CACHE 1
);


--
-- Name: core_categorymodel; Type: TABLE; Schema: public; Owner: postgres
--

CREATE TABLE public.core_categorymodel (
    id bigint NOT NULL,
    name character varying(100) NOT NULL,
    is_navbar boolean NOT NULL,
    parent_menu_id bigint
);


ALTER TABLE public.core_categorymodel OWNER TO postgres;

--
-- Name: core_categorymodel_id_seq; Type: SEQUENCE; Schema: public; Owner: postgres
--

ALTER TABLE public.core_categorymodel ALTER COLUMN id ADD GENERATED BY DEFAULT AS IDENTITY (
    SEQUENCE NAME public.core_categorymodel_id_seq
    START WITH 1
    INCREMENT BY 1
    NO MINVALUE
    NO MAXVALUE
    CACHE 1
);


--
-- Name: core_imagemodel; Type: TABLE; Schema: public; Owner: postgres
--

CREATE TABLE public.core_imagemodel (
    id bigint NOT NULL,
    img character varying(100) NOT NULL,
    product_version_id bigint NOT NULL
);


ALTER TABLE public.core_imagemodel OWNER TO postgres;

--
-- Name: core_imagemodel_id_seq; Type: SEQUENCE; Schema: public; Owner: postgres
--

ALTER TABLE public.core_imagemodel ALTER COLUMN id ADD GENERATED BY DEFAULT AS IDENTITY (
    SEQUENCE NAME public.core_imagemodel_id_seq
    START WITH 1
    INCREMENT BY 1
    NO MINVALUE
    NO MAXVALUE
    CACHE 1
);


--
-- Name: core_productsmodel; Type: TABLE; Schema: public; Owner: postgres
--

CREATE TABLE public.core_productsmodel (
    id bigint NOT NULL,
    name character varying(100) NOT NULL,
    price numeric(10,2) NOT NULL,
    discount numeric(10,2),
    is_percent boolean NOT NULL,
    stock_size integer NOT NULL,
    rating numeric(4,2) NOT NULL,
    created_at timestamp with time zone NOT NULL,
    slug character varying(2000),
    description text NOT NULL,
    category_id bigint NOT NULL,
    CONSTRAINT core_productsmodel_stock_size_check CHECK ((stock_size >= 0))
);


ALTER TABLE public.core_productsmodel OWNER TO postgres;

--
-- Name: core_productsmodel_id_seq; Type: SEQUENCE; Schema: public; Owner: postgres
--

ALTER TABLE public.core_productsmodel ALTER COLUMN id ADD GENERATED BY DEFAULT AS IDENTITY (
    SEQUENCE NAME public.core_productsmodel_id_seq
    START WITH 1
    INCREMENT BY 1
    NO MINVALUE
    NO MAXVALUE
    CACHE 1
);


--
-- Name: core_usermodel; Type: TABLE; Schema: public; Owner: postgres
--

CREATE TABLE public.core_usermodel (
    id bigint NOT NULL,
    last_login timestamp with time zone,
    is_superuser boolean NOT NULL,
    first_name character varying(150) NOT NULL,
    last_name character varying(150) NOT NULL,
    is_staff boolean NOT NULL,
    date_joined timestamp with time zone NOT NULL,
    name character varying(20),
    email character varying(254) NOT NULL,
    password character varying(256) NOT NULL,
    is_active boolean NOT NULL
);


ALTER TABLE public.core_usermodel OWNER TO postgres;

--
-- Name: core_usermodel_groups; Type: TABLE; Schema: public; Owner: postgres
--

CREATE TABLE public.core_usermodel_groups (
    id bigint NOT NULL,
    usermodel_id bigint NOT NULL,
    group_id integer NOT NULL
);


ALTER TABLE public.core_usermodel_groups OWNER TO postgres;

--
-- Name: core_usermodel_groups_id_seq; Type: SEQUENCE; Schema: public; Owner: postgres
--

ALTER TABLE public.core_usermodel_groups ALTER COLUMN id ADD GENERATED BY DEFAULT AS IDENTITY (
    SEQUENCE NAME public.core_usermodel_groups_id_seq
    START WITH 1
    INCREMENT BY 1
    NO MINVALUE
    NO MAXVALUE
    CACHE 1
);


--
-- Name: core_usermodel_id_seq; Type: SEQUENCE; Schema: public; Owner: postgres
--

ALTER TABLE public.core_usermodel ALTER COLUMN id ADD GENERATED BY DEFAULT AS IDENTITY (
    SEQUENCE NAME public.core_usermodel_id_seq
    START WITH 1
    INCREMENT BY 1
    NO MINVALUE
    NO MAXVALUE
    CACHE 1
);


--
-- Name: core_usermodel_user_permissions; Type: TABLE; Schema: public; Owner: postgres
--

CREATE TABLE public.core_usermodel_user_permissions (
    id bigint NOT NULL,
    usermodel_id bigint NOT NULL,
    permission_id integer NOT NULL
);


ALTER TABLE public.core_usermodel_user_permissions OWNER TO postgres;

--
-- Name: core_usermodel_user_permissions_id_seq; Type: SEQUENCE; Schema: public; Owner: postgres
--

ALTER TABLE public.core_usermodel_user_permissions ALTER COLUMN id ADD GENERATED BY DEFAULT AS IDENTITY (
    SEQUENCE NAME public.core_usermodel_user_permissions_id_seq
    START WITH 1
    INCREMENT BY 1
    NO MINVALUE
    NO MAXVALUE
    CACHE 1
);


--
-- Name: django_admin_log; Type: TABLE; Schema: public; Owner: postgres
--

CREATE TABLE public.django_admin_log (
    id integer NOT NULL,
    action_time timestamp with time zone NOT NULL,
    object_id text,
    object_repr character varying(200) NOT NULL,
    action_flag smallint NOT NULL,
    change_message text NOT NULL,
    content_type_id integer,
    user_id bigint NOT NULL,
    CONSTRAINT django_admin_log_action_flag_check CHECK ((action_flag >= 0))
);


ALTER TABLE public.django_admin_log OWNER TO postgres;

--
-- Name: django_admin_log_id_seq; Type: SEQUENCE; Schema: public; Owner: postgres
--

ALTER TABLE public.django_admin_log ALTER COLUMN id ADD GENERATED BY DEFAULT AS IDENTITY (
    SEQUENCE NAME public.django_admin_log_id_seq
    START WITH 1
    INCREMENT BY 1
    NO MINVALUE
    NO MAXVALUE
    CACHE 1
);


--
-- Name: django_celery_beat_clockedschedule; Type: TABLE; Schema: public; Owner: postgres
--

CREATE TABLE public.django_celery_beat_clockedschedule (
    id integer NOT NULL,
    clocked_time timestamp with time zone NOT NULL
);


ALTER TABLE public.django_celery_beat_clockedschedule OWNER TO postgres;

--
-- Name: django_celery_beat_clockedschedule_id_seq; Type: SEQUENCE; Schema: public; Owner: postgres
--

ALTER TABLE public.django_celery_beat_clockedschedule ALTER COLUMN id ADD GENERATED BY DEFAULT AS IDENTITY (
    SEQUENCE NAME public.django_celery_beat_clockedschedule_id_seq
    START WITH 1
    INCREMENT BY 1
    NO MINVALUE
    NO MAXVALUE
    CACHE 1
);


--
-- Name: django_celery_beat_crontabschedule; Type: TABLE; Schema: public; Owner: postgres
--

CREATE TABLE public.django_celery_beat_crontabschedule (
    id integer NOT NULL,
    minute character varying(240) NOT NULL,
    hour character varying(96) NOT NULL,
    day_of_week character varying(64) NOT NULL,
    day_of_month character varying(124) NOT NULL,
    month_of_year character varying(64) NOT NULL,
    timezone character varying(63) NOT NULL
);


ALTER TABLE public.django_celery_beat_crontabschedule OWNER TO postgres;

--
-- Name: django_celery_beat_crontabschedule_id_seq; Type: SEQUENCE; Schema: public; Owner: postgres
--

ALTER TABLE public.django_celery_beat_crontabschedule ALTER COLUMN id ADD GENERATED BY DEFAULT AS IDENTITY (
    SEQUENCE NAME public.django_celery_beat_crontabschedule_id_seq
    START WITH 1
    INCREMENT BY 1
    NO MINVALUE
    NO MAXVALUE
    CACHE 1
);


--
-- Name: django_celery_beat_intervalschedule; Type: TABLE; Schema: public; Owner: postgres
--

CREATE TABLE public.django_celery_beat_intervalschedule (
    id integer NOT NULL,
    every integer NOT NULL,
    period character varying(24) NOT NULL
);


ALTER TABLE public.django_celery_beat_intervalschedule OWNER TO postgres;

--
-- Name: django_celery_beat_intervalschedule_id_seq; Type: SEQUENCE; Schema: public; Owner: postgres
--

ALTER TABLE public.django_celery_beat_intervalschedule ALTER COLUMN id ADD GENERATED BY DEFAULT AS IDENTITY (
    SEQUENCE NAME public.django_celery_beat_intervalschedule_id_seq
    START WITH 1
    INCREMENT BY 1
    NO MINVALUE
    NO MAXVALUE
    CACHE 1
);


--
-- Name: django_celery_beat_periodictask; Type: TABLE; Schema: public; Owner: postgres
--

CREATE TABLE public.django_celery_beat_periodictask (
    id integer NOT NULL,
    name character varying(200) NOT NULL,
    task character varying(200) NOT NULL,
    args text NOT NULL,
    kwargs text NOT NULL,
    queue character varying(200),
    exchange character varying(200),
    routing_key character varying(200),
    expires timestamp with time zone,
    enabled boolean NOT NULL,
    last_run_at timestamp with time zone,
    total_run_count integer NOT NULL,
    date_changed timestamp with time zone NOT NULL,
    description text NOT NULL,
    crontab_id integer,
    interval_id integer,
    solar_id integer,
    one_off boolean NOT NULL,
    start_time timestamp with time zone,
    priority integer,
    headers text NOT NULL,
    clocked_id integer,
    expire_seconds integer,
    CONSTRAINT django_celery_beat_periodictask_expire_seconds_check CHECK ((expire_seconds >= 0)),
    CONSTRAINT django_celery_beat_periodictask_priority_check CHECK ((priority >= 0)),
    CONSTRAINT django_celery_beat_periodictask_total_run_count_check CHECK ((total_run_count >= 0))
);


ALTER TABLE public.django_celery_beat_periodictask OWNER TO postgres;

--
-- Name: django_celery_beat_periodictask_id_seq; Type: SEQUENCE; Schema: public; Owner: postgres
--

ALTER TABLE public.django_celery_beat_periodictask ALTER COLUMN id ADD GENERATED BY DEFAULT AS IDENTITY (
    SEQUENCE NAME public.django_celery_beat_periodictask_id_seq
    START WITH 1
    INCREMENT BY 1
    NO MINVALUE
    NO MAXVALUE
    CACHE 1
);


--
-- Name: django_celery_beat_periodictasks; Type: TABLE; Schema: public; Owner: postgres
--

CREATE TABLE public.django_celery_beat_periodictasks (
    ident smallint NOT NULL,
    last_update timestamp with time zone NOT NULL
);


ALTER TABLE public.django_celery_beat_periodictasks OWNER TO postgres;

--
-- Name: django_celery_beat_solarschedule; Type: TABLE; Schema: public; Owner: postgres
--

CREATE TABLE public.django_celery_beat_solarschedule (
    id integer NOT NULL,
    event character varying(24) NOT NULL,
    latitude numeric(9,6) NOT NULL,
    longitude numeric(9,6) NOT NULL
);


ALTER TABLE public.django_celery_beat_solarschedule OWNER TO postgres;

--
-- Name: django_celery_beat_solarschedule_id_seq; Type: SEQUENCE; Schema: public; Owner: postgres
--

ALTER TABLE public.django_celery_beat_solarschedule ALTER COLUMN id ADD GENERATED BY DEFAULT AS IDENTITY (
    SEQUENCE NAME public.django_celery_beat_solarschedule_id_seq
    START WITH 1
    INCREMENT BY 1
    NO MINVALUE
    NO MAXVALUE
    CACHE 1
);


--
-- Name: django_content_type; Type: TABLE; Schema: public; Owner: postgres
--

CREATE TABLE public.django_content_type (
    id integer NOT NULL,
    app_label character varying(100) NOT NULL,
    model character varying(100) NOT NULL
);


ALTER TABLE public.django_content_type OWNER TO postgres;

--
-- Name: django_content_type_id_seq; Type: SEQUENCE; Schema: public; Owner: postgres
--

ALTER TABLE public.django_content_type ALTER COLUMN id ADD GENERATED BY DEFAULT AS IDENTITY (
    SEQUENCE NAME public.django_content_type_id_seq
    START WITH 1
    INCREMENT BY 1
    NO MINVALUE
    NO MAXVALUE
    CACHE 1
);


--
-- Name: django_migrations; Type: TABLE; Schema: public; Owner: postgres
--

CREATE TABLE public.django_migrations (
    id bigint NOT NULL,
    app character varying(255) NOT NULL,
    name character varying(255) NOT NULL,
    applied timestamp with time zone NOT NULL
);


ALTER TABLE public.django_migrations OWNER TO postgres;

--
-- Name: django_migrations_id_seq; Type: SEQUENCE; Schema: public; Owner: postgres
--

ALTER TABLE public.django_migrations ALTER COLUMN id ADD GENERATED BY DEFAULT AS IDENTITY (
    SEQUENCE NAME public.django_migrations_id_seq
    START WITH 1
    INCREMENT BY 1
    NO MINVALUE
    NO MAXVALUE
    CACHE 1
);


--
-- Name: django_session; Type: TABLE; Schema: public; Owner: postgres
--

CREATE TABLE public.django_session (
    session_key character varying(40) NOT NULL,
    session_data text NOT NULL,
    expire_date timestamp with time zone NOT NULL
);


ALTER TABLE public.django_session OWNER TO postgres;

--
-- Name: token_blacklist_blacklistedtoken; Type: TABLE; Schema: public; Owner: postgres
--

CREATE TABLE public.token_blacklist_blacklistedtoken (
    id bigint NOT NULL,
    blacklisted_at timestamp with time zone NOT NULL,
    token_id bigint NOT NULL
);


ALTER TABLE public.token_blacklist_blacklistedtoken OWNER TO postgres;

--
-- Name: token_blacklist_blacklistedtoken_id_seq; Type: SEQUENCE; Schema: public; Owner: postgres
--

ALTER TABLE public.token_blacklist_blacklistedtoken ALTER COLUMN id ADD GENERATED BY DEFAULT AS IDENTITY (
    SEQUENCE NAME public.token_blacklist_blacklistedtoken_id_seq
    START WITH 1
    INCREMENT BY 1
    NO MINVALUE
    NO MAXVALUE
    CACHE 1
);


--
-- Name: token_blacklist_outstandingtoken; Type: TABLE; Schema: public; Owner: postgres
--

CREATE TABLE public.token_blacklist_outstandingtoken (
    id bigint NOT NULL,
    token text NOT NULL,
    created_at timestamp with time zone,
    expires_at timestamp with time zone NOT NULL,
    user_id bigint,
    jti character varying(255) NOT NULL
);


ALTER TABLE public.token_blacklist_outstandingtoken OWNER TO postgres;

--
-- Name: token_blacklist_outstandingtoken_id_seq; Type: SEQUENCE; Schema: public; Owner: postgres
--

ALTER TABLE public.token_blacklist_outstandingtoken ALTER COLUMN id ADD GENERATED BY DEFAULT AS IDENTITY (
    SEQUENCE NAME public.token_blacklist_outstandingtoken_id_seq
    START WITH 1
    INCREMENT BY 1
    NO MINVALUE
    NO MAXVALUE
    CACHE 1
);


--
-- Data for Name: auth_group; Type: TABLE DATA; Schema: public; Owner: postgres
--

COPY public.auth_group (id, name) FROM stdin;
\.


--
-- Data for Name: auth_group_permissions; Type: TABLE DATA; Schema: public; Owner: postgres
--

COPY public.auth_group_permissions (id, group_id, permission_id) FROM stdin;
\.


--
-- Data for Name: auth_permission; Type: TABLE DATA; Schema: public; Owner: postgres
--

COPY public.auth_permission (id, name, content_type_id, codename) FROM stdin;
1	Can add log entry	1	add_logentry
2	Can change log entry	1	change_logentry
3	Can delete log entry	1	delete_logentry
4	Can view log entry	1	view_logentry
5	Can add permission	2	add_permission
6	Can change permission	2	change_permission
7	Can delete permission	2	delete_permission
8	Can view permission	2	view_permission
9	Can add group	3	add_group
10	Can change group	3	change_group
11	Can delete group	3	delete_group
12	Can view group	3	view_group
13	Can add content type	4	add_contenttype
14	Can change content type	4	change_contenttype
15	Can delete content type	4	delete_contenttype
16	Can view content type	4	view_contenttype
17	Can add session	5	add_session
18	Can change session	5	change_session
19	Can delete session	5	delete_session
20	Can view session	5	view_session
21	Can add blacklisted token	6	add_blacklistedtoken
22	Can change blacklisted token	6	change_blacklistedtoken
23	Can delete blacklisted token	6	delete_blacklistedtoken
24	Can view blacklisted token	6	view_blacklistedtoken
25	Can add outstanding token	7	add_outstandingtoken
26	Can change outstanding token	7	change_outstandingtoken
27	Can delete outstanding token	7	delete_outstandingtoken
28	Can view outstanding token	7	view_outstandingtoken
29	Can add crontab	8	add_crontabschedule
30	Can change crontab	8	change_crontabschedule
31	Can delete crontab	8	delete_crontabschedule
32	Can view crontab	8	view_crontabschedule
33	Can add interval	9	add_intervalschedule
34	Can change interval	9	change_intervalschedule
35	Can delete interval	9	delete_intervalschedule
36	Can view interval	9	view_intervalschedule
37	Can add periodic task	10	add_periodictask
38	Can change periodic task	10	change_periodictask
39	Can delete periodic task	10	delete_periodictask
40	Can view periodic task	10	view_periodictask
41	Can add periodic tasks	11	add_periodictasks
42	Can change periodic tasks	11	change_periodictasks
43	Can delete periodic tasks	11	delete_periodictasks
44	Can view periodic tasks	11	view_periodictasks
45	Can add solar event	12	add_solarschedule
46	Can change solar event	12	change_solarschedule
47	Can delete solar event	12	delete_solarschedule
48	Can view solar event	12	view_solarschedule
49	Can add clocked	13	add_clockedschedule
50	Can change clocked	13	change_clockedschedule
51	Can delete clocked	13	delete_clockedschedule
52	Can view clocked	13	view_clockedschedule
53	Can add category model	14	add_categorymodel
54	Can change category model	14	change_categorymodel
55	Can delete category model	14	delete_categorymodel
56	Can view category model	14	view_categorymodel
57	Can add products model	15	add_productsmodel
58	Can change products model	15	change_productsmodel
59	Can delete products model	15	delete_productsmodel
60	Can view products model	15	view_productsmodel
61	Can add image model	16	add_imagemodel
62	Can change image model	16	change_imagemodel
63	Can delete image model	16	delete_imagemodel
64	Can view image model	16	view_imagemodel
65	Can add user	17	add_usermodel
66	Can change user	17	change_usermodel
67	Can delete user	17	delete_usermodel
68	Can view user	17	view_usermodel
69	Can add card model	18	add_cardmodel
70	Can change card model	18	change_cardmodel
71	Can delete card model	18	delete_cardmodel
72	Can view card model	18	view_cardmodel
\.


--
-- Data for Name: core_cardmodel; Type: TABLE DATA; Schema: public; Owner: postgres
--

COPY public.core_cardmodel (id, quantity, product_id, user_id) FROM stdin;
\.


--
-- Data for Name: core_categorymodel; Type: TABLE DATA; Schema: public; Owner: postgres
--

COPY public.core_categorymodel (id, name, is_navbar, parent_menu_id) FROM stdin;
1	Laptops	t	\N
2	PC	t	\N
3	Accessories	t	\N
\.


--
-- Data for Name: core_imagemodel; Type: TABLE DATA; Schema: public; Owner: postgres
--

COPY public.core_imagemodel (id, img, product_version_id) FROM stdin;
1	products/flow.png	3
2	products/flow2.png	3
3	products/flow3.png	3
4	products/flow4.png	3
7	products/rog.png	1
8	products/rog1.png	1
9	products/rog1_QBg7xap.png	1
10	products/rog2.png	1
11	products/rog3.png	1
12	products/zem.png	2
13	products/zep1.png	2
14	products/zep2.png	2
15	products/mac.jpeg	4
16	products/mbp-spacegray-select-202206_z4wGx5A.jpeg	4
17	products/lenova.jpeg	5
18	products/lenova1.jpeg	5
19	products/skytech.jpg	6
20	products/skytech1.jpg	6
21	products/skytech2.jpg	6
22	products/empowered.jpg	7
23	products/empowered2.jpg	7
24	products/z790.png	8
25	products/z790-1.png	8
26	products/z790-2.png	8
27	products/monitor.png	11
28	products/4090.png	10
29	products/4090-1.png	10
30	products/40902.png	10
31	products/ROG-Strix-B760-A-Gaming.png	9
\.


--
-- Data for Name: core_productsmodel; Type: TABLE DATA; Schema: public; Owner: postgres
--

COPY public.core_productsmodel (id, name, price, discount, is_percent, stock_size, rating, created_at, slug, description, category_id) FROM stdin;
1	ASUS ROG Strix SCAR 16 (2023) G634	3400.00	50.00	f	45	5.00	2023-04-29 15:13:46.188527+00	asus-rog-strix-scar-16-2023-g634	Dominate the Windows 11 Pro battlefield with the all-new ROG Strix SCAR 16. Introducing a 16-inch screen to the SCAR lineup for the first time, see the enemy more clearly than ever before. Powered by a 13th Gen Intel® Core™ i9-13980HX Processor and NVIDIA® GeForce RTX™ 4090 Laptop GPU with a max TGP of 175W, the SCAR 16 easily handles even the most demanding games. It also comes with a dedicated MUX Switch with support for NVIDIA Advanced Optimus, enabling you to easily harness the true power of your GPU when gaming. With support for up to 64GB of DDR5 RAM and up to 4TB of PCIe Gen4x4 storage, the SCAR 16 can easily game, stream, and create content all at the same time without breaking a sweat. For the ultimate gaming laptop, look no further than the Strix SCAR 16.	1
2	ROG Zephyrus Duo 16 (2023) GX650	3200.00	\N	f	68	5.00	2023-04-29 15:16:27.704226+00	rog-zephyrus-duo-16-2023-gx650	Game or create on the cutting edge with up to an AMD Ryzen™ 9 7945HX processor and up to an NVIDIA®GeForce RTX™ 4090 Laptop GPU. The Ryzen™ 9 7945HX CPU offers incredible gaming and multitasking performance, letting you stream and render even the most intensive projects, while the powerful RTX™ 4090 Laptop GPU guarantees incredible in-game framerates and content creation acceleration. A 1080p IR webcam offers seamless video capture and security with Windows Hello support. With up to 4TB of blazing fast PCIe®4.0 SSD storage in RAID 0 and 64GB of 4800MHz DDR5 RAM, the 2023 Zephyrus Duo 16 is a multitasking monster and offers rapid load times for all your games and applications.	1
3	ROG Flow Z13 (2023) GZ301	3199.00	\N	f	12	4.90	2023-04-29 15:18:06.383495+00	rog-flow-z13-2023-gz301	Just because you game on the move doesn’t mean you should sacrifice any performance. With up to an Intel® Core™ i9-13900H CPU and up to an NVIDIA® GeForce RTX™ 4060 Laptop GPU in this ultraportable tablet form factor, you can pair the best aspects of PC gaming with the freedom to go anywhere. With NVIDIA® Advanced Optimus and DLSS 3, the Flow Z13 automatically routes the GPU to your display, increasing framerates and lowering response times. Blisteringly fast 5200MHz LPDDR5 memory and up to 1TB of PCIe® SSD storage make the Flow Z13 the premiere tablet gaming machine for Windows 11 Pro.	1
4	Apple MacBook Pro	3499.00	\N	f	23	5.00	2023-04-29 15:23:39.865521+00	apple-macbook-pro	16-core Neural Engine\r\n16-inch Liquid Retina XDR display²\r\nThree Thunderbolt 4 ports, HDMI port, SDXC card slot, headphone jack, MagSafe 3 port\r\nMagic Keyboard with Touch ID\r\nForce Touch trackpad\r\n140W USB-C Power Adapter	1
5	Legion Pro 7i Gen 8 Intel (16″) with RTX 4080	2800.00	10.00	t	35	4.50	2023-04-29 15:26:07.096929+00	legion-pro-7i-gen-8-intel-16-with-rtx-4080	Stylish. Savage. Seven. Legion 7 Series delivers the ultimate level of form and function with the World’s Most Powerful 16” Gaming Laptop, the Legion 7 Series and the World’s Most Mobile 16” Gaming Laptop, the Legion Slim 7.	1
6	Skytech Pro Eclipse Gaming PC Desktop	3800.00	50.00	f	100	5.00	2023-04-29 16:03:04.006857+00	skytech-pro-eclipse-gaming-pc-desktop	Supercharged Performance] Powered by the latest Intel Core i9-13900K CPU, NVIDIA RTX 4090 graphics card, and 32GB DDR5 RAM, the Skytech Pro Eclipse easily powers-up the most demanding games and applications on the highest settings, and keeps your investment future proof for the next few years. | Intel Core i9 13900K 3.0 GHz | NVIDIA RTX 4090 | 1TB NVME Gen4 SSD | 32GB DDR5 RAM | 1200W Gold PCIE 5.0 Power Supply	2
7	Empowered PC Continuum Micro Gaming Desktop	3849.00	100.00	f	10	5.00	2023-04-29 16:05:41.75929+00	empowered-pc-continuum-micro-gaming-desktop	Processor: Intel Core i9-13900KF Twenty-Four Core Processor (36MB Cache, 2.2GHz-5.8GHz) 125W (Liquid Cooled)\r\nRAM: 64GB DDR5 5600MHz | Hard Drive: 2TB Gen4 NVMe Solid State Drive + 6TB 7200rpm Hard Disk Drive\r\nGraphics: NVIDIA GeForce RTX 4090 24GB GDDR6X | Motherboard: B660\r\nPower Supply: 1000W Gold Power Supply | Operating System: Windows 11 Home x64\r\nFeatures: ARGB High Airflow Fans with Infinity Mirror Front Panel | Accessories: Wired LED Backlit USB Gaming Keyboard and Mouse Included | 3-Year CUK Limited Warranty (View warranty section below for more details.)	2
8	ROG STRIX Z790-H GAMING WIFI	1800.00	\N	f	53	4.70	2023-04-29 16:07:44.129048+00	rog-strix-z790-h-gaming-wifi	Strike stealthily with the powerfully potent ROG Strix Z790-H. Thick black heatsinks keep VRM temperatures under wraps, allowing Intel® 13th Gen processors room for higher boosts. Four M.2 slots are similarly outfitted, and the top slot comes with a combo sink to sneak in extra cooling. PCIe 5.0 support lies in wait for next-gen graphics cards, and cutting-edge WiFi 6E and USB 3.2 Gen 2x2 fully flesh out connectivity.	3
9	ROG STRIX B760-A GAMING WIFI	2200.00	\N	f	51	4.80	2023-04-29 16:09:21.649845+00	rog-strix-b760-a-gaming-wifi	Just like its formidable sibling, the ROG Strix B760-A Gaming WiFi dishes up a vibrant take on the latest Intel platform, with PCIE 5.0, USB 3.2 GEN 2x2, and cyber-inspired ROG motifs emblazoned on a high-contrast backdrop. But this variant features DDR5, bringing even more bandwidth to the table for games and apps.	3
10	ROG Strix GeForce RTX 4090 24GB GDDR6X White OC Edition	2400.00	\N	f	24	5.00	2023-04-29 16:12:24.80551+00	rog-strix-geforce-rtx-4090-24gb-gddr6x-white-oc-edition	NVIDIA Ada Lovelace Streaming Multiprocessors: Up to 2x performance and power efficiency  \r\n4th Generation Tensor Cores: Up to 4x performance with DLSS 3 vs. brute-force rendering\r\n3rd Generation RT Cores: Up to 2X ray tracing performance  \r\nAxial-tech fans scaled up for 23% more airflow\r\nNew patented vapor chamber with milled heatspreader for lower GPU temps \r\n3.5-slot design: massive fin array optimized for airflow from the three Axial-tech fans \r\nDiecast shroud, frame, and backplate add rigidity and are vented to further maximize airflow and heat dissipation\r\nDigital power control with high-current power stages and 15K capacitors to fuel maximum performance\r\nAuto-Extreme precision automated manufacturing for higher reliability \r\nGPU Tweak III software provides intuitive performance tweaking, thermal controls, and system monitoring	3
11	ROG SWIFT PG35VQ	1800.00	\N	f	41	4.50	2023-04-29 16:13:41.676759+00	rog-swift-pg35vq	ROG Swift PG35VQ Ultra-Wide HDR Gaming Monitor – 35” 21:9 (3440 x 1440), FALD 512 Zones, Peak Brightness 1000nits, Overclockable 200Hz, 2ms, G-SYNC Ultimate, DisplayHDR1000 ™, Quantum-dot, Smart Fan Control, Aura Sync, Hi-fi-grade ESS Amplifier	3
\.


--
-- Data for Name: core_usermodel; Type: TABLE DATA; Schema: public; Owner: postgres
--

COPY public.core_usermodel (id, last_login, is_superuser, first_name, last_name, is_staff, date_joined, name, email, password, is_active) FROM stdin;
1	2023-04-30 07:39:57.171807+00	t			t	2023-04-29 15:11:04.108617+00	\N	admin@gmail.com	pbkdf2_sha256$600000$2mFbUGznS9XJBFiqHZeW33$bXLta1AxBqmH92QEbQdRZtrz0SAE/5aBxPH8QM4N2rM=	t
\.


--
-- Data for Name: core_usermodel_groups; Type: TABLE DATA; Schema: public; Owner: postgres
--

COPY public.core_usermodel_groups (id, usermodel_id, group_id) FROM stdin;
\.


--
-- Data for Name: core_usermodel_user_permissions; Type: TABLE DATA; Schema: public; Owner: postgres
--

COPY public.core_usermodel_user_permissions (id, usermodel_id, permission_id) FROM stdin;
\.


--
-- Data for Name: django_admin_log; Type: TABLE DATA; Schema: public; Owner: postgres
--

COPY public.django_admin_log (id, action_time, object_id, object_repr, action_flag, change_message, content_type_id, user_id) FROM stdin;
1	2023-04-29 15:11:48.058779+00	1	Laptops	1	[{"added": {}}]	14	1
2	2023-04-29 15:11:57.850046+00	2	PC	1	[{"added": {}}]	14	1
3	2023-04-29 15:12:04.896104+00	3	Accessories	1	[{"added": {}}]	14	1
4	2023-04-29 15:13:46.212059+00	1	ASUS ROG Strix SCAR 16 (2023) G634	1	[{"added": {}}]	15	1
5	2023-04-29 15:16:27.707679+00	2	ROG Zephyrus Duo 16 (2023) GX650	1	[{"added": {}}]	15	1
6	2023-04-29 15:18:06.388925+00	3	ROG Flow Z13 (2023) GZ301	1	[{"added": {}}]	15	1
7	2023-04-29 15:23:39.868217+00	4	Apple MacBook Pro	1	[{"added": {}}]	15	1
8	2023-04-29 15:26:07.100502+00	5	Stylish. Savage. Seven. Legion 7 Series delivers the ultimate level of form and function with the Wo	1	[{"added": {}}]	15	1
9	2023-04-29 15:26:53.676586+00	5	Legion Pro 7i Gen 8 Intel (16″) with RTX 4080	2	[{"changed": {"fields": ["Name"]}}]	15	1
10	2023-04-29 15:28:26.627231+00	1	products/flow.png	1	[{"added": {}}]	16	1
11	2023-04-29 15:28:36.872331+00	2	products/flow2.png	1	[{"added": {}}]	16	1
12	2023-04-29 15:28:50.377363+00	3	products/flow3.png	1	[{"added": {}}]	16	1
13	2023-04-29 15:28:59.235555+00	4	products/flow4.png	1	[{"added": {}}]	16	1
14	2023-04-29 15:29:25.854209+00	5	products/asus2_79xSW1c.png	1	[{"added": {}}]	16	1
15	2023-04-29 15:29:33.104295+00	6	products/asus_dDHJEFQ.png	1	[{"added": {}}]	16	1
16	2023-04-29 15:30:11.276962+00	6	products/asus_dDHJEFQ.png	3		16	1
17	2023-04-29 15:30:11.293867+00	5	products/asus2_79xSW1c.png	3		16	1
18	2023-04-29 15:30:23.214729+00	7	products/rog.png	1	[{"added": {}}]	16	1
19	2023-04-29 15:30:38.525024+00	8	products/rog1.png	1	[{"added": {}}]	16	1
20	2023-04-29 15:30:38.661817+00	9	products/rog1_QBg7xap.png	1	[{"added": {}}]	16	1
21	2023-04-29 15:30:46.598058+00	10	products/rog2.png	1	[{"added": {}}]	16	1
22	2023-04-29 15:30:54.566587+00	11	products/rog3.png	1	[{"added": {}}]	16	1
23	2023-04-29 15:57:32.597084+00	12	products/zem.png	1	[{"added": {}}]	16	1
24	2023-04-29 15:58:11.824275+00	13	products/zep1.png	1	[{"added": {}}]	16	1
25	2023-04-29 15:58:42.857267+00	14	products/zep2.png	1	[{"added": {}}]	16	1
26	2023-04-29 15:58:56.915195+00	15	products/mac.jpeg	1	[{"added": {}}]	16	1
27	2023-04-29 15:59:06.142543+00	16	products/mbp-spacegray-select-202206_z4wGx5A.jpeg	1	[{"added": {}}]	16	1
28	2023-04-29 16:00:07.191152+00	17	products/lenova.jpeg	1	[{"added": {}}]	16	1
29	2023-04-29 16:00:20.166881+00	18	products/lenova1.jpeg	1	[{"added": {}}]	16	1
30	2023-04-29 16:03:04.010386+00	6	Skytech Pro Eclipse Gaming PC Desktop	1	[{"added": {}}]	15	1
31	2023-04-29 16:05:41.762475+00	7	Empowered PC Continuum Micro Gaming Desktop	1	[{"added": {}}]	15	1
32	2023-04-29 16:07:44.137505+00	8	ROG STRIX Z790-H GAMING WIFI	1	[{"added": {}}]	15	1
33	2023-04-29 16:09:21.652814+00	9	ROG STRIX B760-A GAMING WIFI	1	[{"added": {}}]	15	1
34	2023-04-29 16:12:24.808503+00	10	ROG Strix GeForce RTX 4090 24GB GDDR6X White OC Edition	1	[{"added": {}}]	15	1
35	2023-04-29 16:13:41.680174+00	11	ROG SWIFT PG35VQ	1	[{"added": {}}]	15	1
36	2023-04-29 16:23:50.390019+00	19	products/skytech.jpg	1	[{"added": {}}]	16	1
37	2023-04-29 16:24:09.418558+00	20	products/skytech1.jpg	1	[{"added": {}}]	16	1
38	2023-04-29 16:24:17.265207+00	21	products/skytech2.jpg	1	[{"added": {}}]	16	1
39	2023-04-29 16:24:29.930279+00	22	products/empowered.jpg	1	[{"added": {}}]	16	1
40	2023-04-29 16:24:37.791019+00	23	products/empowered2.jpg	1	[{"added": {}}]	16	1
41	2023-04-29 16:24:58.592485+00	24	products/z790.png	1	[{"added": {}}]	16	1
42	2023-04-29 16:25:08.761044+00	25	products/z790-1.png	1	[{"added": {}}]	16	1
43	2023-04-29 16:25:17.382657+00	26	products/z790-2.png	1	[{"added": {}}]	16	1
44	2023-04-29 16:26:01.159662+00	27	products/monitor.png	1	[{"added": {}}]	16	1
45	2023-04-29 16:27:25.287001+00	28	products/4090.png	1	[{"added": {}}]	16	1
46	2023-04-29 16:27:46.98067+00	29	products/4090-1.png	1	[{"added": {}}]	16	1
47	2023-04-29 16:27:55.142666+00	30	products/40902.png	1	[{"added": {}}]	16	1
48	2023-04-29 16:28:04.410819+00	31	products/ROG-Strix-B760-A-Gaming.png	1	[{"added": {}}]	16	1
\.


--
-- Data for Name: django_celery_beat_clockedschedule; Type: TABLE DATA; Schema: public; Owner: postgres
--

COPY public.django_celery_beat_clockedschedule (id, clocked_time) FROM stdin;
\.


--
-- Data for Name: django_celery_beat_crontabschedule; Type: TABLE DATA; Schema: public; Owner: postgres
--

COPY public.django_celery_beat_crontabschedule (id, minute, hour, day_of_week, day_of_month, month_of_year, timezone) FROM stdin;
\.


--
-- Data for Name: django_celery_beat_intervalschedule; Type: TABLE DATA; Schema: public; Owner: postgres
--

COPY public.django_celery_beat_intervalschedule (id, every, period) FROM stdin;
\.


--
-- Data for Name: django_celery_beat_periodictask; Type: TABLE DATA; Schema: public; Owner: postgres
--

COPY public.django_celery_beat_periodictask (id, name, task, args, kwargs, queue, exchange, routing_key, expires, enabled, last_run_at, total_run_count, date_changed, description, crontab_id, interval_id, solar_id, one_off, start_time, priority, headers, clocked_id, expire_seconds) FROM stdin;
\.


--
-- Data for Name: django_celery_beat_periodictasks; Type: TABLE DATA; Schema: public; Owner: postgres
--

COPY public.django_celery_beat_periodictasks (ident, last_update) FROM stdin;
\.


--
-- Data for Name: django_celery_beat_solarschedule; Type: TABLE DATA; Schema: public; Owner: postgres
--

COPY public.django_celery_beat_solarschedule (id, event, latitude, longitude) FROM stdin;
\.


--
-- Data for Name: django_content_type; Type: TABLE DATA; Schema: public; Owner: postgres
--

COPY public.django_content_type (id, app_label, model) FROM stdin;
1	admin	logentry
2	auth	permission
3	auth	group
4	contenttypes	contenttype
5	sessions	session
6	token_blacklist	blacklistedtoken
7	token_blacklist	outstandingtoken
8	django_celery_beat	crontabschedule
9	django_celery_beat	intervalschedule
10	django_celery_beat	periodictask
11	django_celery_beat	periodictasks
12	django_celery_beat	solarschedule
13	django_celery_beat	clockedschedule
14	core	categorymodel
15	core	productsmodel
16	core	imagemodel
17	core	usermodel
18	core	cardmodel
\.


--
-- Data for Name: django_migrations; Type: TABLE DATA; Schema: public; Owner: postgres
--

COPY public.django_migrations (id, app, name, applied) FROM stdin;
1	contenttypes	0001_initial	2023-04-29 14:43:24.697895+00
2	contenttypes	0002_remove_content_type_name	2023-04-29 14:43:24.723096+00
3	auth	0001_initial	2023-04-29 14:43:24.89921+00
4	auth	0002_alter_permission_name_max_length	2023-04-29 14:43:24.907701+00
5	auth	0003_alter_user_email_max_length	2023-04-29 14:43:24.918597+00
6	auth	0004_alter_user_username_opts	2023-04-29 14:43:24.931017+00
7	auth	0005_alter_user_last_login_null	2023-04-29 14:43:24.940453+00
8	auth	0006_require_contenttypes_0002	2023-04-29 14:43:24.947283+00
9	auth	0007_alter_validators_add_error_messages	2023-04-29 14:43:24.962575+00
10	auth	0008_alter_user_username_max_length	2023-04-29 14:43:24.973996+00
11	auth	0009_alter_user_last_name_max_length	2023-04-29 14:43:24.985707+00
12	auth	0010_alter_group_name_max_length	2023-04-29 14:43:25.002806+00
13	auth	0011_update_proxy_permissions	2023-04-29 14:43:25.015255+00
14	auth	0012_alter_user_first_name_max_length	2023-04-29 14:43:25.029841+00
15	core	0001_initial	2023-04-29 14:43:25.340463+00
16	admin	0001_initial	2023-04-29 14:43:25.41534+00
17	admin	0002_logentry_remove_auto_add	2023-04-29 14:43:25.427176+00
18	admin	0003_logentry_add_action_flag_choices	2023-04-29 14:43:25.442427+00
19	core	0002_cardmodel	2023-04-29 14:43:25.550903+00
20	django_celery_beat	0001_initial	2023-04-29 14:43:25.720422+00
21	django_celery_beat	0002_auto_20161118_0346	2023-04-29 14:43:25.814856+00
22	django_celery_beat	0003_auto_20161209_0049	2023-04-29 14:43:25.86187+00
23	django_celery_beat	0004_auto_20170221_0000	2023-04-29 14:43:25.877657+00
24	django_celery_beat	0005_add_solarschedule_events_choices	2023-04-29 14:43:25.894826+00
25	django_celery_beat	0006_auto_20180322_0932	2023-04-29 14:43:26.006449+00
26	django_celery_beat	0007_auto_20180521_0826	2023-04-29 14:43:26.033307+00
27	django_celery_beat	0008_auto_20180914_1922	2023-04-29 14:43:26.068376+00
28	django_celery_beat	0006_auto_20180210_1226	2023-04-29 14:43:26.090817+00
29	django_celery_beat	0006_periodictask_priority	2023-04-29 14:43:26.109692+00
30	django_celery_beat	0009_periodictask_headers	2023-04-29 14:43:26.132658+00
31	django_celery_beat	0010_auto_20190429_0326	2023-04-29 14:43:26.304965+00
32	django_celery_beat	0011_auto_20190508_0153	2023-04-29 14:43:26.353678+00
33	django_celery_beat	0012_periodictask_expire_seconds	2023-04-29 14:43:26.372623+00
34	django_celery_beat	0013_auto_20200609_0727	2023-04-29 14:43:26.388288+00
35	django_celery_beat	0014_remove_clockedschedule_enabled	2023-04-29 14:43:26.402896+00
36	django_celery_beat	0015_edit_solarschedule_events_choices	2023-04-29 14:43:26.418505+00
37	django_celery_beat	0016_alter_crontabschedule_timezone	2023-04-29 14:43:26.434591+00
38	django_celery_beat	0017_alter_crontabschedule_month_of_year	2023-04-29 14:43:26.450984+00
39	django_celery_beat	0018_improve_crontab_helptext	2023-04-29 14:43:26.469335+00
40	sessions	0001_initial	2023-04-29 14:43:26.53111+00
41	token_blacklist	0001_initial	2023-04-29 14:43:26.647687+00
42	token_blacklist	0002_outstandingtoken_jti_hex	2023-04-29 14:43:26.662977+00
43	token_blacklist	0003_auto_20171017_2007	2023-04-29 14:43:26.693066+00
44	token_blacklist	0004_auto_20171017_2013	2023-04-29 14:43:26.737114+00
45	token_blacklist	0005_remove_outstandingtoken_jti	2023-04-29 14:43:26.758305+00
46	token_blacklist	0006_auto_20171017_2113	2023-04-29 14:43:26.779521+00
47	token_blacklist	0007_auto_20171017_2214	2023-04-29 14:43:26.868801+00
48	token_blacklist	0008_migrate_to_bigautofield	2023-04-29 14:43:27.059099+00
49	token_blacklist	0010_fix_migrate_to_bigautofield	2023-04-29 14:43:27.115293+00
50	token_blacklist	0011_linearizes_history	2023-04-29 14:43:27.123796+00
51	token_blacklist	0012_alter_outstandingtoken_user	2023-04-29 14:43:27.144796+00
\.


--
-- Data for Name: django_session; Type: TABLE DATA; Schema: public; Owner: postgres
--

COPY public.django_session (session_key, session_data, expire_date) FROM stdin;
aou33qaslkkubufg2jy2kujoidi6l0cc	.eJxVjEEOwiAURO_C2hCg8OG7dN8zED5QqRpISrsy3t026UJnOe_NvJkP21r81vPi58SuTLLLb0chPnM9QHqEem88trouM_FD4SftfGwpv26n-3dQQi_7WigCiUgIUuEQsjJWowXnIEic4qCNAEmUBgKBDrU1BvdMAkgBkGGfL6MKNh4:1psmED:b71ZQX3bi_3Rz6xSSc31pEIREwAq1kB8FKxeUl_y-9w	2023-05-13 15:11:13.929667+00
yc3hhmcfnn0h018u87p1hebfqu8wb4xx	.eJxVjEEOwiAURO_C2hCg8OG7dN8zED5QqRpISrsy3t026UJnOe_NvJkP21r81vPi58SuTLLLb0chPnM9QHqEem88trouM_FD4SftfGwpv26n-3dQQi_7WigCiUgIUuEQsjJWowXnIEic4qCNAEmUBgKBDrU1BvdMAkgBkGGfL6MKNh4:1pt1f3:o94ADftKqPBzJ93IaS6FQSAeBV2A1RRfZ21T77Ue6pI	2023-05-14 07:39:57.21614+00
\.


--
-- Data for Name: token_blacklist_blacklistedtoken; Type: TABLE DATA; Schema: public; Owner: postgres
--

COPY public.token_blacklist_blacklistedtoken (id, blacklisted_at, token_id) FROM stdin;
\.


--
-- Data for Name: token_blacklist_outstandingtoken; Type: TABLE DATA; Schema: public; Owner: postgres
--

COPY public.token_blacklist_outstandingtoken (id, token, created_at, expires_at, user_id, jti) FROM stdin;
\.


--
-- Name: auth_group_id_seq; Type: SEQUENCE SET; Schema: public; Owner: postgres
--

SELECT pg_catalog.setval('public.auth_group_id_seq', 1, false);


--
-- Name: auth_group_permissions_id_seq; Type: SEQUENCE SET; Schema: public; Owner: postgres
--

SELECT pg_catalog.setval('public.auth_group_permissions_id_seq', 1, false);


--
-- Name: auth_permission_id_seq; Type: SEQUENCE SET; Schema: public; Owner: postgres
--

SELECT pg_catalog.setval('public.auth_permission_id_seq', 72, true);


--
-- Name: core_cardmodel_id_seq; Type: SEQUENCE SET; Schema: public; Owner: postgres
--

SELECT pg_catalog.setval('public.core_cardmodel_id_seq', 1, false);


--
-- Name: core_categorymodel_id_seq; Type: SEQUENCE SET; Schema: public; Owner: postgres
--

SELECT pg_catalog.setval('public.core_categorymodel_id_seq', 3, true);


--
-- Name: core_imagemodel_id_seq; Type: SEQUENCE SET; Schema: public; Owner: postgres
--

SELECT pg_catalog.setval('public.core_imagemodel_id_seq', 31, true);


--
-- Name: core_productsmodel_id_seq; Type: SEQUENCE SET; Schema: public; Owner: postgres
--

SELECT pg_catalog.setval('public.core_productsmodel_id_seq', 11, true);


--
-- Name: core_usermodel_groups_id_seq; Type: SEQUENCE SET; Schema: public; Owner: postgres
--

SELECT pg_catalog.setval('public.core_usermodel_groups_id_seq', 1, false);


--
-- Name: core_usermodel_id_seq; Type: SEQUENCE SET; Schema: public; Owner: postgres
--

SELECT pg_catalog.setval('public.core_usermodel_id_seq', 1, true);


--
-- Name: core_usermodel_user_permissions_id_seq; Type: SEQUENCE SET; Schema: public; Owner: postgres
--

SELECT pg_catalog.setval('public.core_usermodel_user_permissions_id_seq', 1, false);


--
-- Name: django_admin_log_id_seq; Type: SEQUENCE SET; Schema: public; Owner: postgres
--

SELECT pg_catalog.setval('public.django_admin_log_id_seq', 48, true);


--
-- Name: django_celery_beat_clockedschedule_id_seq; Type: SEQUENCE SET; Schema: public; Owner: postgres
--

SELECT pg_catalog.setval('public.django_celery_beat_clockedschedule_id_seq', 1, false);


--
-- Name: django_celery_beat_crontabschedule_id_seq; Type: SEQUENCE SET; Schema: public; Owner: postgres
--

SELECT pg_catalog.setval('public.django_celery_beat_crontabschedule_id_seq', 1, false);


--
-- Name: django_celery_beat_intervalschedule_id_seq; Type: SEQUENCE SET; Schema: public; Owner: postgres
--

SELECT pg_catalog.setval('public.django_celery_beat_intervalschedule_id_seq', 1, false);


--
-- Name: django_celery_beat_periodictask_id_seq; Type: SEQUENCE SET; Schema: public; Owner: postgres
--

SELECT pg_catalog.setval('public.django_celery_beat_periodictask_id_seq', 1, false);


--
-- Name: django_celery_beat_solarschedule_id_seq; Type: SEQUENCE SET; Schema: public; Owner: postgres
--

SELECT pg_catalog.setval('public.django_celery_beat_solarschedule_id_seq', 1, false);


--
-- Name: django_content_type_id_seq; Type: SEQUENCE SET; Schema: public; Owner: postgres
--

SELECT pg_catalog.setval('public.django_content_type_id_seq', 18, true);


--
-- Name: django_migrations_id_seq; Type: SEQUENCE SET; Schema: public; Owner: postgres
--

SELECT pg_catalog.setval('public.django_migrations_id_seq', 51, true);


--
-- Name: token_blacklist_blacklistedtoken_id_seq; Type: SEQUENCE SET; Schema: public; Owner: postgres
--

SELECT pg_catalog.setval('public.token_blacklist_blacklistedtoken_id_seq', 1, false);


--
-- Name: token_blacklist_outstandingtoken_id_seq; Type: SEQUENCE SET; Schema: public; Owner: postgres
--

SELECT pg_catalog.setval('public.token_blacklist_outstandingtoken_id_seq', 1, false);


--
-- Name: auth_group auth_group_name_key; Type: CONSTRAINT; Schema: public; Owner: postgres
--

ALTER TABLE ONLY public.auth_group
    ADD CONSTRAINT auth_group_name_key UNIQUE (name);


--
-- Name: auth_group_permissions auth_group_permissions_group_id_permission_id_0cd325b0_uniq; Type: CONSTRAINT; Schema: public; Owner: postgres
--

ALTER TABLE ONLY public.auth_group_permissions
    ADD CONSTRAINT auth_group_permissions_group_id_permission_id_0cd325b0_uniq UNIQUE (group_id, permission_id);


--
-- Name: auth_group_permissions auth_group_permissions_pkey; Type: CONSTRAINT; Schema: public; Owner: postgres
--

ALTER TABLE ONLY public.auth_group_permissions
    ADD CONSTRAINT auth_group_permissions_pkey PRIMARY KEY (id);


--
-- Name: auth_group auth_group_pkey; Type: CONSTRAINT; Schema: public; Owner: postgres
--

ALTER TABLE ONLY public.auth_group
    ADD CONSTRAINT auth_group_pkey PRIMARY KEY (id);


--
-- Name: auth_permission auth_permission_content_type_id_codename_01ab375a_uniq; Type: CONSTRAINT; Schema: public; Owner: postgres
--

ALTER TABLE ONLY public.auth_permission
    ADD CONSTRAINT auth_permission_content_type_id_codename_01ab375a_uniq UNIQUE (content_type_id, codename);


--
-- Name: auth_permission auth_permission_pkey; Type: CONSTRAINT; Schema: public; Owner: postgres
--

ALTER TABLE ONLY public.auth_permission
    ADD CONSTRAINT auth_permission_pkey PRIMARY KEY (id);


--
-- Name: core_cardmodel core_cardmodel_pkey; Type: CONSTRAINT; Schema: public; Owner: postgres
--

ALTER TABLE ONLY public.core_cardmodel
    ADD CONSTRAINT core_cardmodel_pkey PRIMARY KEY (id);


--
-- Name: core_categorymodel core_categorymodel_pkey; Type: CONSTRAINT; Schema: public; Owner: postgres
--

ALTER TABLE ONLY public.core_categorymodel
    ADD CONSTRAINT core_categorymodel_pkey PRIMARY KEY (id);


--
-- Name: core_imagemodel core_imagemodel_pkey; Type: CONSTRAINT; Schema: public; Owner: postgres
--

ALTER TABLE ONLY public.core_imagemodel
    ADD CONSTRAINT core_imagemodel_pkey PRIMARY KEY (id);


--
-- Name: core_productsmodel core_productsmodel_pkey; Type: CONSTRAINT; Schema: public; Owner: postgres
--

ALTER TABLE ONLY public.core_productsmodel
    ADD CONSTRAINT core_productsmodel_pkey PRIMARY KEY (id);


--
-- Name: core_usermodel core_usermodel_email_key; Type: CONSTRAINT; Schema: public; Owner: postgres
--

ALTER TABLE ONLY public.core_usermodel
    ADD CONSTRAINT core_usermodel_email_key UNIQUE (email);


--
-- Name: core_usermodel_groups core_usermodel_groups_pkey; Type: CONSTRAINT; Schema: public; Owner: postgres
--

ALTER TABLE ONLY public.core_usermodel_groups
    ADD CONSTRAINT core_usermodel_groups_pkey PRIMARY KEY (id);


--
-- Name: core_usermodel_groups core_usermodel_groups_usermodel_id_group_id_a1132a58_uniq; Type: CONSTRAINT; Schema: public; Owner: postgres
--

ALTER TABLE ONLY public.core_usermodel_groups
    ADD CONSTRAINT core_usermodel_groups_usermodel_id_group_id_a1132a58_uniq UNIQUE (usermodel_id, group_id);


--
-- Name: core_usermodel core_usermodel_pkey; Type: CONSTRAINT; Schema: public; Owner: postgres
--

ALTER TABLE ONLY public.core_usermodel
    ADD CONSTRAINT core_usermodel_pkey PRIMARY KEY (id);


--
-- Name: core_usermodel_user_permissions core_usermodel_user_perm_usermodel_id_permission__f006c986_uniq; Type: CONSTRAINT; Schema: public; Owner: postgres
--

ALTER TABLE ONLY public.core_usermodel_user_permissions
    ADD CONSTRAINT core_usermodel_user_perm_usermodel_id_permission__f006c986_uniq UNIQUE (usermodel_id, permission_id);


--
-- Name: core_usermodel_user_permissions core_usermodel_user_permissions_pkey; Type: CONSTRAINT; Schema: public; Owner: postgres
--

ALTER TABLE ONLY public.core_usermodel_user_permissions
    ADD CONSTRAINT core_usermodel_user_permissions_pkey PRIMARY KEY (id);


--
-- Name: django_admin_log django_admin_log_pkey; Type: CONSTRAINT; Schema: public; Owner: postgres
--

ALTER TABLE ONLY public.django_admin_log
    ADD CONSTRAINT django_admin_log_pkey PRIMARY KEY (id);


--
-- Name: django_celery_beat_clockedschedule django_celery_beat_clockedschedule_pkey; Type: CONSTRAINT; Schema: public; Owner: postgres
--

ALTER TABLE ONLY public.django_celery_beat_clockedschedule
    ADD CONSTRAINT django_celery_beat_clockedschedule_pkey PRIMARY KEY (id);


--
-- Name: django_celery_beat_crontabschedule django_celery_beat_crontabschedule_pkey; Type: CONSTRAINT; Schema: public; Owner: postgres
--

ALTER TABLE ONLY public.django_celery_beat_crontabschedule
    ADD CONSTRAINT django_celery_beat_crontabschedule_pkey PRIMARY KEY (id);


--
-- Name: django_celery_beat_intervalschedule django_celery_beat_intervalschedule_pkey; Type: CONSTRAINT; Schema: public; Owner: postgres
--

ALTER TABLE ONLY public.django_celery_beat_intervalschedule
    ADD CONSTRAINT django_celery_beat_intervalschedule_pkey PRIMARY KEY (id);


--
-- Name: django_celery_beat_periodictask django_celery_beat_periodictask_name_key; Type: CONSTRAINT; Schema: public; Owner: postgres
--

ALTER TABLE ONLY public.django_celery_beat_periodictask
    ADD CONSTRAINT django_celery_beat_periodictask_name_key UNIQUE (name);


--
-- Name: django_celery_beat_periodictask django_celery_beat_periodictask_pkey; Type: CONSTRAINT; Schema: public; Owner: postgres
--

ALTER TABLE ONLY public.django_celery_beat_periodictask
    ADD CONSTRAINT django_celery_beat_periodictask_pkey PRIMARY KEY (id);


--
-- Name: django_celery_beat_periodictasks django_celery_beat_periodictasks_pkey; Type: CONSTRAINT; Schema: public; Owner: postgres
--

ALTER TABLE ONLY public.django_celery_beat_periodictasks
    ADD CONSTRAINT django_celery_beat_periodictasks_pkey PRIMARY KEY (ident);


--
-- Name: django_celery_beat_solarschedule django_celery_beat_solar_event_latitude_longitude_ba64999a_uniq; Type: CONSTRAINT; Schema: public; Owner: postgres
--

ALTER TABLE ONLY public.django_celery_beat_solarschedule
    ADD CONSTRAINT django_celery_beat_solar_event_latitude_longitude_ba64999a_uniq UNIQUE (event, latitude, longitude);


--
-- Name: django_celery_beat_solarschedule django_celery_beat_solarschedule_pkey; Type: CONSTRAINT; Schema: public; Owner: postgres
--

ALTER TABLE ONLY public.django_celery_beat_solarschedule
    ADD CONSTRAINT django_celery_beat_solarschedule_pkey PRIMARY KEY (id);


--
-- Name: django_content_type django_content_type_app_label_model_76bd3d3b_uniq; Type: CONSTRAINT; Schema: public; Owner: postgres
--

ALTER TABLE ONLY public.django_content_type
    ADD CONSTRAINT django_content_type_app_label_model_76bd3d3b_uniq UNIQUE (app_label, model);


--
-- Name: django_content_type django_content_type_pkey; Type: CONSTRAINT; Schema: public; Owner: postgres
--

ALTER TABLE ONLY public.django_content_type
    ADD CONSTRAINT django_content_type_pkey PRIMARY KEY (id);


--
-- Name: django_migrations django_migrations_pkey; Type: CONSTRAINT; Schema: public; Owner: postgres
--

ALTER TABLE ONLY public.django_migrations
    ADD CONSTRAINT django_migrations_pkey PRIMARY KEY (id);


--
-- Name: django_session django_session_pkey; Type: CONSTRAINT; Schema: public; Owner: postgres
--

ALTER TABLE ONLY public.django_session
    ADD CONSTRAINT django_session_pkey PRIMARY KEY (session_key);


--
-- Name: token_blacklist_blacklistedtoken token_blacklist_blacklistedtoken_pkey; Type: CONSTRAINT; Schema: public; Owner: postgres
--

ALTER TABLE ONLY public.token_blacklist_blacklistedtoken
    ADD CONSTRAINT token_blacklist_blacklistedtoken_pkey PRIMARY KEY (id);


--
-- Name: token_blacklist_blacklistedtoken token_blacklist_blacklistedtoken_token_id_key; Type: CONSTRAINT; Schema: public; Owner: postgres
--

ALTER TABLE ONLY public.token_blacklist_blacklistedtoken
    ADD CONSTRAINT token_blacklist_blacklistedtoken_token_id_key UNIQUE (token_id);


--
-- Name: token_blacklist_outstandingtoken token_blacklist_outstandingtoken_jti_hex_d9bdf6f7_uniq; Type: CONSTRAINT; Schema: public; Owner: postgres
--

ALTER TABLE ONLY public.token_blacklist_outstandingtoken
    ADD CONSTRAINT token_blacklist_outstandingtoken_jti_hex_d9bdf6f7_uniq UNIQUE (jti);


--
-- Name: token_blacklist_outstandingtoken token_blacklist_outstandingtoken_pkey; Type: CONSTRAINT; Schema: public; Owner: postgres
--

ALTER TABLE ONLY public.token_blacklist_outstandingtoken
    ADD CONSTRAINT token_blacklist_outstandingtoken_pkey PRIMARY KEY (id);


--
-- Name: auth_group_name_a6ea08ec_like; Type: INDEX; Schema: public; Owner: postgres
--

CREATE INDEX auth_group_name_a6ea08ec_like ON public.auth_group USING btree (name varchar_pattern_ops);


--
-- Name: auth_group_permissions_group_id_b120cbf9; Type: INDEX; Schema: public; Owner: postgres
--

CREATE INDEX auth_group_permissions_group_id_b120cbf9 ON public.auth_group_permissions USING btree (group_id);


--
-- Name: auth_group_permissions_permission_id_84c5c92e; Type: INDEX; Schema: public; Owner: postgres
--

CREATE INDEX auth_group_permissions_permission_id_84c5c92e ON public.auth_group_permissions USING btree (permission_id);


--
-- Name: auth_permission_content_type_id_2f476e4b; Type: INDEX; Schema: public; Owner: postgres
--

CREATE INDEX auth_permission_content_type_id_2f476e4b ON public.auth_permission USING btree (content_type_id);


--
-- Name: core_cardmodel_product_id_8aad792a; Type: INDEX; Schema: public; Owner: postgres
--

CREATE INDEX core_cardmodel_product_id_8aad792a ON public.core_cardmodel USING btree (product_id);


--
-- Name: core_cardmodel_user_id_cc7dc829; Type: INDEX; Schema: public; Owner: postgres
--

CREATE INDEX core_cardmodel_user_id_cc7dc829 ON public.core_cardmodel USING btree (user_id);


--
-- Name: core_categorymodel_parent_menu_id_f4f72c03; Type: INDEX; Schema: public; Owner: postgres
--

CREATE INDEX core_categorymodel_parent_menu_id_f4f72c03 ON public.core_categorymodel USING btree (parent_menu_id);


--
-- Name: core_imagemodel_product_version_id_a6ecd1ad; Type: INDEX; Schema: public; Owner: postgres
--

CREATE INDEX core_imagemodel_product_version_id_a6ecd1ad ON public.core_imagemodel USING btree (product_version_id);


--
-- Name: core_productsmodel_category_id_3713aabe; Type: INDEX; Schema: public; Owner: postgres
--

CREATE INDEX core_productsmodel_category_id_3713aabe ON public.core_productsmodel USING btree (category_id);


--
-- Name: core_productsmodel_slug_5daf4887; Type: INDEX; Schema: public; Owner: postgres
--

CREATE INDEX core_productsmodel_slug_5daf4887 ON public.core_productsmodel USING btree (slug);


--
-- Name: core_productsmodel_slug_5daf4887_like; Type: INDEX; Schema: public; Owner: postgres
--

CREATE INDEX core_productsmodel_slug_5daf4887_like ON public.core_productsmodel USING btree (slug varchar_pattern_ops);


--
-- Name: core_usermodel_email_b0634927_like; Type: INDEX; Schema: public; Owner: postgres
--

CREATE INDEX core_usermodel_email_b0634927_like ON public.core_usermodel USING btree (email varchar_pattern_ops);


--
-- Name: core_usermodel_groups_group_id_3e09c396; Type: INDEX; Schema: public; Owner: postgres
--

CREATE INDEX core_usermodel_groups_group_id_3e09c396 ON public.core_usermodel_groups USING btree (group_id);


--
-- Name: core_usermodel_groups_usermodel_id_a8f1d790; Type: INDEX; Schema: public; Owner: postgres
--

CREATE INDEX core_usermodel_groups_usermodel_id_a8f1d790 ON public.core_usermodel_groups USING btree (usermodel_id);


--
-- Name: core_usermodel_user_permissions_permission_id_b05b12d7; Type: INDEX; Schema: public; Owner: postgres
--

CREATE INDEX core_usermodel_user_permissions_permission_id_b05b12d7 ON public.core_usermodel_user_permissions USING btree (permission_id);


--
-- Name: core_usermodel_user_permissions_usermodel_id_f57a4a6b; Type: INDEX; Schema: public; Owner: postgres
--

CREATE INDEX core_usermodel_user_permissions_usermodel_id_f57a4a6b ON public.core_usermodel_user_permissions USING btree (usermodel_id);


--
-- Name: django_admin_log_content_type_id_c4bce8eb; Type: INDEX; Schema: public; Owner: postgres
--

CREATE INDEX django_admin_log_content_type_id_c4bce8eb ON public.django_admin_log USING btree (content_type_id);


--
-- Name: django_admin_log_user_id_c564eba6; Type: INDEX; Schema: public; Owner: postgres
--

CREATE INDEX django_admin_log_user_id_c564eba6 ON public.django_admin_log USING btree (user_id);


--
-- Name: django_celery_beat_periodictask_clocked_id_47a69f82; Type: INDEX; Schema: public; Owner: postgres
--

CREATE INDEX django_celery_beat_periodictask_clocked_id_47a69f82 ON public.django_celery_beat_periodictask USING btree (clocked_id);


--
-- Name: django_celery_beat_periodictask_crontab_id_d3cba168; Type: INDEX; Schema: public; Owner: postgres
--

CREATE INDEX django_celery_beat_periodictask_crontab_id_d3cba168 ON public.django_celery_beat_periodictask USING btree (crontab_id);


--
-- Name: django_celery_beat_periodictask_interval_id_a8ca27da; Type: INDEX; Schema: public; Owner: postgres
--

CREATE INDEX django_celery_beat_periodictask_interval_id_a8ca27da ON public.django_celery_beat_periodictask USING btree (interval_id);


--
-- Name: django_celery_beat_periodictask_name_265a36b7_like; Type: INDEX; Schema: public; Owner: postgres
--

CREATE INDEX django_celery_beat_periodictask_name_265a36b7_like ON public.django_celery_beat_periodictask USING btree (name varchar_pattern_ops);


--
-- Name: django_celery_beat_periodictask_solar_id_a87ce72c; Type: INDEX; Schema: public; Owner: postgres
--

CREATE INDEX django_celery_beat_periodictask_solar_id_a87ce72c ON public.django_celery_beat_periodictask USING btree (solar_id);


--
-- Name: django_session_expire_date_a5c62663; Type: INDEX; Schema: public; Owner: postgres
--

CREATE INDEX django_session_expire_date_a5c62663 ON public.django_session USING btree (expire_date);


--
-- Name: django_session_session_key_c0390e0f_like; Type: INDEX; Schema: public; Owner: postgres
--

CREATE INDEX django_session_session_key_c0390e0f_like ON public.django_session USING btree (session_key varchar_pattern_ops);


--
-- Name: token_blacklist_outstandingtoken_jti_hex_d9bdf6f7_like; Type: INDEX; Schema: public; Owner: postgres
--

CREATE INDEX token_blacklist_outstandingtoken_jti_hex_d9bdf6f7_like ON public.token_blacklist_outstandingtoken USING btree (jti varchar_pattern_ops);


--
-- Name: token_blacklist_outstandingtoken_user_id_83bc629a; Type: INDEX; Schema: public; Owner: postgres
--

CREATE INDEX token_blacklist_outstandingtoken_user_id_83bc629a ON public.token_blacklist_outstandingtoken USING btree (user_id);


--
-- Name: auth_group_permissions auth_group_permissio_permission_id_84c5c92e_fk_auth_perm; Type: FK CONSTRAINT; Schema: public; Owner: postgres
--

ALTER TABLE ONLY public.auth_group_permissions
    ADD CONSTRAINT auth_group_permissio_permission_id_84c5c92e_fk_auth_perm FOREIGN KEY (permission_id) REFERENCES public.auth_permission(id) DEFERRABLE INITIALLY DEFERRED;


--
-- Name: auth_group_permissions auth_group_permissions_group_id_b120cbf9_fk_auth_group_id; Type: FK CONSTRAINT; Schema: public; Owner: postgres
--

ALTER TABLE ONLY public.auth_group_permissions
    ADD CONSTRAINT auth_group_permissions_group_id_b120cbf9_fk_auth_group_id FOREIGN KEY (group_id) REFERENCES public.auth_group(id) DEFERRABLE INITIALLY DEFERRED;


--
-- Name: auth_permission auth_permission_content_type_id_2f476e4b_fk_django_co; Type: FK CONSTRAINT; Schema: public; Owner: postgres
--

ALTER TABLE ONLY public.auth_permission
    ADD CONSTRAINT auth_permission_content_type_id_2f476e4b_fk_django_co FOREIGN KEY (content_type_id) REFERENCES public.django_content_type(id) DEFERRABLE INITIALLY DEFERRED;


--
-- Name: core_cardmodel core_cardmodel_product_id_8aad792a_fk_core_productsmodel_id; Type: FK CONSTRAINT; Schema: public; Owner: postgres
--

ALTER TABLE ONLY public.core_cardmodel
    ADD CONSTRAINT core_cardmodel_product_id_8aad792a_fk_core_productsmodel_id FOREIGN KEY (product_id) REFERENCES public.core_productsmodel(id) DEFERRABLE INITIALLY DEFERRED;


--
-- Name: core_cardmodel core_cardmodel_user_id_cc7dc829_fk_core_usermodel_id; Type: FK CONSTRAINT; Schema: public; Owner: postgres
--

ALTER TABLE ONLY public.core_cardmodel
    ADD CONSTRAINT core_cardmodel_user_id_cc7dc829_fk_core_usermodel_id FOREIGN KEY (user_id) REFERENCES public.core_usermodel(id) DEFERRABLE INITIALLY DEFERRED;


--
-- Name: core_categorymodel core_categorymodel_parent_menu_id_f4f72c03_fk_core_cate; Type: FK CONSTRAINT; Schema: public; Owner: postgres
--

ALTER TABLE ONLY public.core_categorymodel
    ADD CONSTRAINT core_categorymodel_parent_menu_id_f4f72c03_fk_core_cate FOREIGN KEY (parent_menu_id) REFERENCES public.core_categorymodel(id) DEFERRABLE INITIALLY DEFERRED;


--
-- Name: core_imagemodel core_imagemodel_product_version_id_a6ecd1ad_fk_core_prod; Type: FK CONSTRAINT; Schema: public; Owner: postgres
--

ALTER TABLE ONLY public.core_imagemodel
    ADD CONSTRAINT core_imagemodel_product_version_id_a6ecd1ad_fk_core_prod FOREIGN KEY (product_version_id) REFERENCES public.core_productsmodel(id) DEFERRABLE INITIALLY DEFERRED;


--
-- Name: core_productsmodel core_productsmodel_category_id_3713aabe_fk_core_cate; Type: FK CONSTRAINT; Schema: public; Owner: postgres
--

ALTER TABLE ONLY public.core_productsmodel
    ADD CONSTRAINT core_productsmodel_category_id_3713aabe_fk_core_cate FOREIGN KEY (category_id) REFERENCES public.core_categorymodel(id) DEFERRABLE INITIALLY DEFERRED;


--
-- Name: core_usermodel_groups core_usermodel_group_usermodel_id_a8f1d790_fk_core_user; Type: FK CONSTRAINT; Schema: public; Owner: postgres
--

ALTER TABLE ONLY public.core_usermodel_groups
    ADD CONSTRAINT core_usermodel_group_usermodel_id_a8f1d790_fk_core_user FOREIGN KEY (usermodel_id) REFERENCES public.core_usermodel(id) DEFERRABLE INITIALLY DEFERRED;


--
-- Name: core_usermodel_groups core_usermodel_groups_group_id_3e09c396_fk_auth_group_id; Type: FK CONSTRAINT; Schema: public; Owner: postgres
--

ALTER TABLE ONLY public.core_usermodel_groups
    ADD CONSTRAINT core_usermodel_groups_group_id_3e09c396_fk_auth_group_id FOREIGN KEY (group_id) REFERENCES public.auth_group(id) DEFERRABLE INITIALLY DEFERRED;


--
-- Name: core_usermodel_user_permissions core_usermodel_user__permission_id_b05b12d7_fk_auth_perm; Type: FK CONSTRAINT; Schema: public; Owner: postgres
--

ALTER TABLE ONLY public.core_usermodel_user_permissions
    ADD CONSTRAINT core_usermodel_user__permission_id_b05b12d7_fk_auth_perm FOREIGN KEY (permission_id) REFERENCES public.auth_permission(id) DEFERRABLE INITIALLY DEFERRED;


--
-- Name: core_usermodel_user_permissions core_usermodel_user__usermodel_id_f57a4a6b_fk_core_user; Type: FK CONSTRAINT; Schema: public; Owner: postgres
--

ALTER TABLE ONLY public.core_usermodel_user_permissions
    ADD CONSTRAINT core_usermodel_user__usermodel_id_f57a4a6b_fk_core_user FOREIGN KEY (usermodel_id) REFERENCES public.core_usermodel(id) DEFERRABLE INITIALLY DEFERRED;


--
-- Name: django_admin_log django_admin_log_content_type_id_c4bce8eb_fk_django_co; Type: FK CONSTRAINT; Schema: public; Owner: postgres
--

ALTER TABLE ONLY public.django_admin_log
    ADD CONSTRAINT django_admin_log_content_type_id_c4bce8eb_fk_django_co FOREIGN KEY (content_type_id) REFERENCES public.django_content_type(id) DEFERRABLE INITIALLY DEFERRED;


--
-- Name: django_admin_log django_admin_log_user_id_c564eba6_fk_core_usermodel_id; Type: FK CONSTRAINT; Schema: public; Owner: postgres
--

ALTER TABLE ONLY public.django_admin_log
    ADD CONSTRAINT django_admin_log_user_id_c564eba6_fk_core_usermodel_id FOREIGN KEY (user_id) REFERENCES public.core_usermodel(id) DEFERRABLE INITIALLY DEFERRED;


--
-- Name: django_celery_beat_periodictask django_celery_beat_p_clocked_id_47a69f82_fk_django_ce; Type: FK CONSTRAINT; Schema: public; Owner: postgres
--

ALTER TABLE ONLY public.django_celery_beat_periodictask
    ADD CONSTRAINT django_celery_beat_p_clocked_id_47a69f82_fk_django_ce FOREIGN KEY (clocked_id) REFERENCES public.django_celery_beat_clockedschedule(id) DEFERRABLE INITIALLY DEFERRED;


--
-- Name: django_celery_beat_periodictask django_celery_beat_p_crontab_id_d3cba168_fk_django_ce; Type: FK CONSTRAINT; Schema: public; Owner: postgres
--

ALTER TABLE ONLY public.django_celery_beat_periodictask
    ADD CONSTRAINT django_celery_beat_p_crontab_id_d3cba168_fk_django_ce FOREIGN KEY (crontab_id) REFERENCES public.django_celery_beat_crontabschedule(id) DEFERRABLE INITIALLY DEFERRED;


--
-- Name: django_celery_beat_periodictask django_celery_beat_p_interval_id_a8ca27da_fk_django_ce; Type: FK CONSTRAINT; Schema: public; Owner: postgres
--

ALTER TABLE ONLY public.django_celery_beat_periodictask
    ADD CONSTRAINT django_celery_beat_p_interval_id_a8ca27da_fk_django_ce FOREIGN KEY (interval_id) REFERENCES public.django_celery_beat_intervalschedule(id) DEFERRABLE INITIALLY DEFERRED;


--
-- Name: django_celery_beat_periodictask django_celery_beat_p_solar_id_a87ce72c_fk_django_ce; Type: FK CONSTRAINT; Schema: public; Owner: postgres
--

ALTER TABLE ONLY public.django_celery_beat_periodictask
    ADD CONSTRAINT django_celery_beat_p_solar_id_a87ce72c_fk_django_ce FOREIGN KEY (solar_id) REFERENCES public.django_celery_beat_solarschedule(id) DEFERRABLE INITIALLY DEFERRED;


--
-- Name: token_blacklist_blacklistedtoken token_blacklist_blacklistedtoken_token_id_3cc7fe56_fk; Type: FK CONSTRAINT; Schema: public; Owner: postgres
--

ALTER TABLE ONLY public.token_blacklist_blacklistedtoken
    ADD CONSTRAINT token_blacklist_blacklistedtoken_token_id_3cc7fe56_fk FOREIGN KEY (token_id) REFERENCES public.token_blacklist_outstandingtoken(id) DEFERRABLE INITIALLY DEFERRED;


--
-- Name: token_blacklist_outstandingtoken token_blacklist_outs_user_id_83bc629a_fk_core_user; Type: FK CONSTRAINT; Schema: public; Owner: postgres
--

ALTER TABLE ONLY public.token_blacklist_outstandingtoken
    ADD CONSTRAINT token_blacklist_outs_user_id_83bc629a_fk_core_user FOREIGN KEY (user_id) REFERENCES public.core_usermodel(id) DEFERRABLE INITIALLY DEFERRED;


--
-- PostgreSQL database dump complete
--

